caption,image_file
a photo of TOK on the head of a man seen from a slightly above angle,01.jpeg
a photo of a TOK seen from above on the head of a man,02.jpeg
a photo of TOK on the head of a man seen from behind,03.jpeg
a photo of TOK on the head of a man seen from behind right side,04.jpeg
a photo of TOK seen from the front above on the head of a man in a grey room,05.jpeg
a photo of a TOK on the head of a man seen from the right front side, 06.jpeg
a photo of a TOK on the head of a man seen from the front,07.jpeg
